Workbook

Sheet Детализация
A2: № | B2: Фамилия Имя Отчество | C2: Профессия | D2: Время начала оказания услуги | E2: Время окончания оказания услуги | F2: Тариф руб/час | G2: Кол-во часов | H2: Сумма к выплате | I2: Дата оказания услуги | J2: Выплаты Исполнителю | K2: Комиссия агента
B3: name secondName middleName | C3: Официант | D3: 0.46230935 | E3: 0.90238542 | F3: 500 | G3: =IF(OR(D3=0,E3=0),0,IF(E3>=D3,(E3-D3)*24,(("24:00"-D3)+(E3-"00:00"))*24)) | H3: =F3*G3 | I3: 44571 | J3: =H3/1.2
G5: =СУММ(G3:G5) | H5: =СУММ(H3:H5)

Sheet Статистика
A1: =Детализация!A1
A2: 1 | B2: Количество исполнителей за период | C2: =COUNTA(Детализация!B3:B10)
A3: 2 | B3: Всего часов за период | C3: =SUM(Детализация!G3:G10)
A4: Детализация по профессиям
B5: Название профессии | C5: Кол-во часов | D5: Сумма затрат
A6: 4 | B6: Официант | C6: =SUMIF(Детализация!$C$3:$C$10,"официант",Детализация!$G$3:$G$10) | D6: =SUMIF(Детализация!$C$3:$C$10,"официант",Детализация!$H$3:$H$10)
A7: 5 | B7: Бармен | C7: =SUMIF(Детализация!$C$3:$C$10,"бармен",Детализация!$G$3:$G$10) | D7: =SUMIF(Детализация!$C$3:$C$10,"бармен",Детализация!$H$3:$H$10)
A8: 6 | B8: Супервайзер/Администратор | C8: =SUMIF(Детализация!$C$3:$C$10,"Супервайзер",Детализация!$G$3:$G$10) | D8: =SUMIF(Детализация!$C$3:$C$10,"Супервайзер",Детализация!$H$3:$H$10)
A9: 7 | B9: Банкетный менеджер | C9: =SUMIF(Детализация!$C$3:$C$10,"Банкетный менеджер",Детализация!$G$3:$G$10) | D9: =SUMIF(Детализация!$C$3:$C$10,"Банкетный менеджер",Детализация!$H$3:$H$10)
A10: 8 | B10: Кухонный рабочий | C10: =SUMIF(Детализация!$C$3:$C$10,"Кухонный рабочий",Детализация!$G$3:$G$10) | D10: =SUMIF(Детализация!$C$3:$C$10,"Кухонный рабочий",Детализация!$H$3:$H$10)
A11: 9 | B11: Уборщица | C11: =SUMIF(Детализация!$C$3:$C$10,"Уборщица",Детализация!$G$3:$G$10) | D11: =SUMIF(Детализация!$C$3:$C$10,"Уборщица",Детализация!$H$3:$H$10)
A12: 10 | B12: Повар | C12: =SUMIF(Детализация!$C$3:$C$10,"повар",Детализация!$G$3:$G$10) | D12: =SUMIF(Детализация!$C$3:$C$10,"повар",Детализация!$H$3:$H$10)
A13: 11 | B13: Су-шеф | C13: =SUMIF(Детализация!$C$3:$C$10,"су-шеф",Детализация!$G$3:$G$10) | D13: =SUMIF(Детализация!$C$3:$C$10,"су-шеф",Детализация!$H$3:$H$10)
A14: 12 | B14: Горничная | C14: =SUMIF(Детализация!$C$3:$C$10,"Горничная",Детализация!$G$3:$G$10) | D14: =SUMIF(Детализация!$C$3:$C$10,"Горничная",Детализация!$H$3:$H$10)
A15: 13 | B15: Старшая горничная | C15: =SUMIF(Детализация!$C$3:$C$10,"Старшая горничная",Детализация!$G$3:$G$10) | D15: =SUMIF(Детализация!$C$3:$C$10,"Старшая горничная",Детализация!$H$3:$H$10)
A16: 14 | B16: Разнорабочий | C16: =SUMIF(Детализация!$C$3:$C$10,"Разнорабочий",Детализация!$G$3:$G$10) | D16: =SUMIF(Детализация!$C$3:$C$10,"Разнорабочий",Детализация!$H$3:$H$10)
B18: Итого: | C18: =SUM(C6:C17) | D18: =SUM(D6:D17)
