Workbook

Sheet Детализация
A1: Период оказываемых услуг: 01.03.2022-01.04.2022
A2: № | B2: Фамилия Имя Отчество | C2: Профессия | D2: Время начала оказания услуги | E2: Время окончания оказания услуги | F2: Тариф, руб/час | G2: Кол-во часов | H2: Сумма к выплате, руб | I2: Дата оказания услуги | J2: Выплаты Исполнителю | K2: Комиссия агента

Sheet Статистика
A1: =Детализация!A1 -> Период оказываемых услуг: 01.03.2022-01.04.2022
A2: 1 | B2: Количество исполнителей за период | C2: =COUNTA(Детализация!B3:B1000) -> 0
A3: 2 | B3: Всего часов за период | C3: =SUM(Детализация!G3:G1000)/2 -> 0
A4: Детализация по профессиям
B5: Название профессии | C5: Кол-во часов | D5: Сумма затрат
A6: 4 | B6: Официант | C6: =SUMIF(Детализация!$C$3:$C$1000,"Официант",Детализация!$G$3:$G$1000) -> 0 | D6: =SUMIF(Детализация!$C$3:$C$1000,"Официант",Детализация!$H$3:$H$1000) -> 0
A7: 5 | B7: Бармен | C7: =SUMIF(Детализация!$C$3:$C$1000,"Бармен",Детализация!$G$3:$G$1000) -> 0 | D7: =SUMIF(Детализация!$C$3:$C$1000,"Бармен",Детализация!$H$3:$H$1000) -> 0
A8: 6 | B8: Супервайзер/Администратор ресторана | C8: =SUMIF(Детализация!$C$3:$C$1000,"Супервайзер/Администратор ресторана",Детализация!$G$3:$G$1000) -> 0 | D8: =SUMIF(Детализация!$C$3:$C$1000,"Супервайзер/Администратор ресторана",Детализация!$H$3:$H$1000) -> 0
A9: 7 | B9: Банкетный менеджер | C9: =SUMIF(Детализация!$C$3:$C$1000,"Банкетный менеджер",Детализация!$G$3:$G$1000) -> 0 | D9: =SUMIF(Детализация!$C$3:$C$1000,"Банкетный менеджер",Детализация!$H$3:$H$1000) -> 0
A10: 8 | B10: Кухонный рабочий | C10: =SUMIF(Детализация!$C$3:$C$1000,"Кухонный рабочий",Детализация!$G$3:$G$1000) -> 0 | D10: =SUMIF(Детализация!$C$3:$C$1000,"Кухонный рабочий",Детализация!$H$3:$H$1000) -> 0
A11: 9 | B11: Уборщица | C11: =SUMIF(Детализация!$C$3:$C$1000,"Уборщица",Детализация!$G$3:$G$1000) -> 0 | D11: =SUMIF(Детализация!$C$3:$C$1000,"Уборщица",Детализация!$H$3:$H$1000) -> 0
A12: 10 | B12: Повар | C12: =SUMIF(Детализация!$C$3:$C$1000,"Повар",Детализация!$G$3:$G$1000) -> 0 | D12: =SUMIF(Детализация!$C$3:$C$1000,"Повар",Детализация!$H$3:$H$1000) -> 0
A13: 11 | B13: Су-шеф | C13: =SUMIF(Детализация!$C$3:$C$1000,"Су-шеф",Детализация!$G$3:$G$1000) -> 0 | D13: =SUMIF(Детализация!$C$3:$C$1000,"Су-шеф",Детализация!$H$3:$H$1000) -> 0
A14: 12 | B14: Горничная | C14: =SUMIF(Детализация!$C$3:$C$1000,"Горничная",Детализация!$G$3:$G$1000) -> 0 | D14: =SUMIF(Детализация!$C$3:$C$1000,"Горничная",Детализация!$H$3:$H$1000) -> 0
A15: 13 | B15: Старшая горничная | C15: =SUMIF(Детализация!$C$3:$C$1000,"Старшая горничная",Детализация!$G$3:$G$1000) -> 0 | D15: =SUMIF(Детализация!$C$3:$C$1000,"Старшая горничная",Детализация!$H$3:$H$1000) -> 0
A16: 14 | B16: Разнорабочий | C16: =SUMIF(Детализация!$C$3:$C$1000,"Разнорабочий",Детализация!$G$3:$G$1000) -> 0 | D16: =SUMIF(Детализация!$C$3:$C$1000,"Разнорабочий",Детализация!$H$3:$H$1000) -> 0
B18: Итого: | C18: =SUM(C6:C17) -> 0 | D18: =SUM(D6:D17) -> 0
